{
  "RMSE": 0.8047962578594062,
  "MAE": 0.6606327203648901,
  "R2": 0.008888738527993545
}